b'RT Today unemployment is the lowest it\xe2\x80\x99s been in half a century.',b'RT Today unemployment is the lowest it\xe2\x80\x99s been in half a century.',"b""RT I've said this before but the most pathetic thing about current RW culture wars is that they are defending a lifestyle - gian\xe2\x80\xa6""",b'RT Taliban official \xe2\x80\x9cthere are differences between a perfect mind (men and a flawed mind (women) So all international la\xe2\x80\xa6',b'RT Today unemployment is the lowest it\xe2\x80\x99s been in half a century.'
b'RT Today unemployment is the lowest it\xe2\x80\x99s been in half a century.',b'RT \xf0\x9f\x87\xa6\xf0\x9f\x87\xbaAustralian Album Chart #1(= Midnights *First Album in this century to chart 10 weeks https://t.co/nstG9rf5P0',"b""RT I've said this before but the most pathetic thing about current RW culture wars is that they are defending a lifestyle - gian\xe2\x80\xa6""",b'RT I genuinely don\xe2\x80\x99t think I\xe2\x80\x99ve seen a better individual season for a footballer than Neymar in 17/18 from anyone that isn\xe2\x80\x99t n\xe2\x80\xa6',b'Lmaoooo\xe2\x80\xa6. you people most be joker of the century So you don\xe2\x80\x99t believe a seating Governor co https://t.co/miN7i3RoP4',b'This is absolutely without a shadow of a doubt..insane How dare they What f ing century do they think they are i https://t.co/PX4E153hMl',"b'RT Mystras capital of the #byzantine territories of Peloponnese known as ""Despotate of Morea"" 14th 15th century The last c\xe2\x80\xa6'",b'Tthag of the century',"b'RT The same people who are cheering on war against a country with 5,999 nuclear warheads are terrified by a one part per ten\xe2\x80\xa6'",b'RT Oh dear God I\xe2\x80\x99m a retired prosecutor and we need 21st-century Nuremberg trials for crimes agai\xe2\x80\xa6',b'RT Taliban official \xe2\x80\x9cthere are differences between a perfect mind (men and a flawed mind (women) So all international la\xe2\x80\xa6',"b""RT Parents of this century shouldn't decide partners for their kids ... Love and marriage evolved... #Gashumba""",b'RT The Greatest century celebration of Virat kohli \xf0\x9f\x90\x90 https://t.co/0cpHcmPut8',b'In the early 17th century Britain when no female students were admitted into medical schools Margaret Ann Bulkley https://t.co/LowjntyIhP',b'RT Hoping this wont be the only century you see today \xf0\x9f\x98\x89',b'RT Today unemployment is the lowest it\xe2\x80\x99s been in half a century.',b'Reject The Sickness Face The Storm via #MightyMusic #NOWplaying #320MAX48 #Newest #Metal #Rock 24/7 #Music This i https://t.co/UfWrX1LPV5',"b'RT ""When I was 16 years old The Spiders who became the original Alice Cooper band opened for the Yardbirds That night I\xe2\x80\xa6'",b'#\xe6\x97\xa0 #\xe8\x8b\x8f #\xe7\xa6\x8f https://t.co/UURajD5VQn Near if why century find which force. \xf0\x9f\xa4\xa8\xf0\x9f\x91\x8b\xf0\x9f\x98\x9d\xf0\x9f\x92\xab\xf0\x9f\x98\x84',"b'RT Giovanni Battista Moroni\xe2\x80\x99s ""Portrait of a Woman, the most significant Italian Renaissance painting the museum has acq\xe2\x80\xa6'",b'RT A Mayan statue discovered deep within the jungles of Honduras in the late 19th century Photo Alfred Percival Maudslay http\xe2\x80\xa6',b'_Now This betrayal old man _Now is completely free from history &amp knowledge He knows nothi https://t.co/QkihoSlaQE',b'RT An academic at Hamline University just got fired for showing this image to a class Is that not strange in America in t\xe2\x80\xa6',b'RT The Morris historic home in Grand Rapids built in 1858 caught fire It was only saved nearly a century ago because it\xe2\x80\xa6',b'RT Taliban official \xe2\x80\x9cthere are differences between a perfect mind (men and a flawed mind (women) So all international la\xe2\x80\xa6'
b'RT In the 19th century Paris was torn down and totally rebuilt according to the urban plan of just two men. It might be co\xe2\x80\xa6',b'RT Idiot of the century #BoycottPathaan https://t.co/53kiu8OM7u',b'RT if you think zero royalties is new you disrespect the people of 18th century france',"b'RT West Kennet long barrow (again sorry!) Probaby built in 37th Century BC it was used as a burial chamber for around 1,000 ye\xe2\x80\xa6'",b'RT The story of One Piece Odyssey has no right to be this good This is up there with some of the better movies Void Cent\xe2\x80\xa6',b'RT I pr\xc3\xa9sent to you shade of the century!! https://t.co/X2hu9JdR46',"b""RT I've said this before but the most pathetic thing about current RW culture wars is that they are defending a lifestyle - gian\xe2\x80\xa6""",b'RT In the 19th century Paris was torn down and totally rebuilt according to the urban plan of just two men. It might be co\xe2\x80\xa6',b'RT Suhaldev or Suheldev was a legendary king from Shravasti popularly known to have defeated and killed the Ghaznavid ge\xe2\x80\xa6',b'RT Today unemployment is the lowest it\xe2\x80\x99s been in half a century.',b'RT \xf0\x9f\x87\xa6\xf0\x9f\x87\xbaAustralian Album Chart #1(= Midnights *First Album in this century to chart 10 weeks https://t.co/nstG9rf5P0',"b""RT I've said this before but the most pathetic thing about current RW culture wars is that they are defending a lifestyle - gian\xe2\x80\xa6""",b'RT I genuinely don\xe2\x80\x99t think I\xe2\x80\x99ve seen a better individual season for a footballer than Neymar in 17/18 from anyone that isn\xe2\x80\x99t n\xe2\x80\xa6',b'Lmaoooo\xe2\x80\xa6. you people most be joker of the century So you don\xe2\x80\x99t believe a seating Governor co https://t.co/miN7i3RoP4',b'This is absolutely without a shadow of a doubt..insane How dare they What f ing century do they think they are i https://t.co/PX4E153hMl',"b'RT Mystras capital of the #byzantine territories of Peloponnese known as ""Despotate of Morea"" 14th 15th century The last c\xe2\x80\xa6'",b'Tthag of the century',"b'RT The same people who are cheering on war against a country with 5,999 nuclear warheads are terrified by a one part per ten\xe2\x80\xa6'",b'RT Oh dear God I\xe2\x80\x99m a retired prosecutor and we need 21st-century Nuremberg trials for crimes agai\xe2\x80\xa6',b'RT Taliban official \xe2\x80\x9cthere are differences between a perfect mind (men and a flawed mind (women) So all international la\xe2\x80\xa6',"b""RT Parents of this century shouldn't decide partners for their kids ... Love and marriage evolved... #Gashumba""",b'RT The Greatest century celebration of Virat kohli \xf0\x9f\x90\x90 https://t.co/0cpHcmPut8',b'In the early 17th century Britain when no female students were admitted into medical schools Margaret Ann Bulkley https://t.co/LowjntyIhP',b'RT Hoping this wont be the only century you see today \xf0\x9f\x98\x89',b'RT Today unemployment is the lowest it\xe2\x80\x99s been in half a century.'
b'Come join us in PUBG MOBILE https://t.co/wJIY1sHIM7 https://t.co/3Kp9hGGg85',b'Shooting time! https://t.co/pAgW7RQRL4 #PUBG',b'Mitac is my dad 1st PC in 86-87 when i was 1st grade I forgot maybe the processor was intel 286/386 Prince of Pe https://t.co/zv6V7mVJol',b'Come join us in PUBG MOBILE https://t.co/l3yeb29LZw https://t.co/D6DMd6eYZU',b'RT _hamkke Yubin talked to Miracles about a game of PUBG in 220712 and probably asked WM on the day right after 220713. The day we\xe2\x80\xa6',b'Probably PUBG but the funniest to play will always be Warzone 1.',"b""RT _hamkke \xf0\x9f\x92\x9c\xf0\x9f\x92\xad kkkkkkk So there's an announcement kkkkkkkkkkkkkk I'm not good (at PUBG kkkkkkkkk Just come and play don't be\xe2\x80\xa6""",b'Come join us in PUBG MOBILE https://t.co/pUCxnuT7gQ https://t.co/Y00XRIet86',b'Come join us in PUBG MOBILE https://t.co/LmZ40y3A5h https://t.co/LngM7URuuv',b'I would want to have it but i have no money:(\xf0\x9f\x98\x94',b'RT _hamkke Yubin finally succeed to convince WM to host a PUBG game Now Hyojung is playijg as well',b'Come join us in PUBG MOBILE https://t.co/f5q6jSjfgG https://t.co/ibDgMutByK',b'Play PUBG MOBILE and create your own memories https://t.co/hC392tjzbZ https://t.co/o2EVybFdvL',b'Come join us in PUBG MOBILE https://t.co/8zVldXX8D6 https://t.co/mdFBPnuvIK',b'Come join us in PUBG MOBILE https://t.co/txh05QwbCy https://t.co/Y4SYZ8yfkO',b'Come join us in PUBG MOBILE https://t.co/H2uxkcLG3x https://t.co/OxWxXVnxyf',b'Come join us in PUBG MOBILE https://t.co/1G8UuUUG8m https://t.co/I6uVZioRV1',b'Come join us in PUBG MOBILE https://t.co/ubNsn9x1B3 https://t.co/ImmVk3kraG',"b""Pubg gays as they are joining arena I'ma smoke those mfs\xf0\x9f\x98\xa4 https://t.co/pjfomp8wTG""",b'Come join us in PUBG MOBILE https://t.co/XPpNYxQD76 https://t.co/Dgcw1oitb1',b'Come join us in PUBG MOBILE https://t.co/XPpNYxQD76 https://t.co/S99ppQFw9g',b'Come join us in PUBG MOBILE https://t.co/WimcmJURYs https://t.co/YyoTugvvx9',b'Come join us in PUBG MOBILE!https://t.co/zqwtGfgPMy',b'Come join us in PUBG MOBILE https://t.co/5AqogdtBla https://t.co/BOqCOCWFSp',b'Come join us in PUBG MOBILE!https://t.co/YN30hIkxtD'
b'RT _TamilCinema In India #Thunivu leads in Tamilnadu Karnataka North India in Tamil version than #Varisu #Tegimpu opened with posi\xe2\x80\xa6',"b""RT The inaugural U19 Women's World Cup starts in South Africa tomorrow Support the \xf0\x9f\x87\xbf girls at Willowmoore Park Benoni as t\xe2\x80\xa6""",b'RT All the best Team India \xf0\x9f\x87\xae\xf0\x9f\x87\xb3\xf0\x9f\x8f\x91\xf0\x9f\x99\x8c\xf0\x9f\x8f\xbc #HockeyWorldCup',b'RT Yes Afghanistan which was part of the Indian cultural continuum for 4000 years be it Harappan Vedic or Mahajanpada -\xe2\x80\xa6',b'RT India needs this more than ever How Finland Is Teaching a Generation to Spot Misinformation https://t.co/RqkoebPhFN',b'RT A special time in our history and a special generation of youngsters\xe2\x80\xa6no wonder the future belongs to India https://t.co/\xe2\x80\xa6',"b""RT (1993 India Post introduced 'Contest Postcard' when Renuka Shahane &amp Siddharth Kak's tv-show 'Surabhi received 14 la\xe2\x80\xa6""",b'RT Meanwhile Pakistan has decided not to import wheat from India despite a flour crisis as per Pak media https://t.co/bqRqXH\xe2\x80\xa6',b'#HockeyWorldCup2023 #Indianhockey #orisha #Manpreetsingh Come on India...U can do it...Always predicting in cricke https://t.co/87fxhxAyei',b'RT Pongal Day 1 Gross #Thunivu Tamil Nadu 21.60 Cr Rest of India 8.05 Cr Overseas 12.85 Cr Total Worldwide Gross -\xe2\x80\xa6',b'RT Pongal Day 1 Gross #Thunivu Tamil Nadu 21.60 Cr Rest of India 8.05 Cr Overseas 12.85 Cr Total Worldwide Gross -\xe2\x80\xa6',"b""'s account has been withheld in India in response to a legal demand Learn more.""","b'RT #\xe0\xa4\x85\xe0\xa4\xa4\xe0\xa4\xbf\xe0\xa4\x95\xe0\xa5\x8d\xe0\xa4\xb0\xe0\xa4\xae\xe0\xa4\xa3_\xe0\xa4\xae\xe0\xa5\x81\xe0\xa4\x95\xe0\xa5\x8d\xe0\xa4\xa4_\xe0\xa4\xb9\xe0\xa4\xb2\xe0\xa5\x8d\xe0\xa4\xa6\xe0\xa5\x8d\xe0\xa4\xb5\xe0\xa4\xbe\xe0\xa4\xa8\xe0\xa5\x80 #HaldwaniEncroachment ""FreeHaldwani"" Repeated attacks on Hindus by fanatics in Haldwani (Uttar\xe2\x80\xa6'",b'RT Muslims have nothing to fear in India Mohan Bhagwat #MohanBhagwat #RSSorg https://t.co/mm9dq4xL5Y',b'RT Our Yuva Shakti is the driving force of India\xe2\x80\x99s development journey https://t.co/WhahQUnVXt',b'RT How India\xe2\x80\x99s greatest movie maker attends #GoldenGlobeAwards function to take India\xe2\x80\x99s first #GoldenGlobes How urduwood B1\xe2\x80\xa6',b'A chest stall precisely captured by Balaram Paul (Instagram balaram_47 during her review of SIGMA 35mm F1.2 DG DN https://t.co/8997oGLORp',b'Go to India or some where international.',"b""RT Today the world's longest river cruise Ganga Vilas has embarked on a journey between Kashi and Dibrugarh. Due to this m\xe2\x80\xa6""",b'RT Season is changing as our harvest. India celebrates it in different form. Wishing you all Happy #Lohri #MakarSankranti\xe2\x80\xa6',b'RT The #Biden administration\xe2\x80\x99s attempts to bully New Delhi into shedding its neutrality failed last year While preserving an\xe2\x80\xa6',b'#India passed a Bill to provide an effective legal instrument to combat maritime #piracy The Bill provides for str https://t.co/fUnqufcXIq',b'RT India before arrival of the Mughals\xf0\x9f\x91\x87India was incredibly rich in everyway The destruction by Mughals &amp Britain to India wa\xe2\x80\xa6',"b""RT _kak If UAE can include Jewish Holocaust in school curricula why can't Indian school curricula include genocide in India durin\xe2\x80\xa6""",b'Centre told an SC constitution bench that a UT is nothing but an extension of the Union (of India) This was submit https://t.co/ojemlwj9dW',b'RT _GoI Skills are Passport to Prosperity ! Today on #NationalYouthDay2023 Govt dedicates #SkillIndia PMKVY 4.0 to\xe2\x80\xa6',"b""RT Bigot Sagarika ghose won't talk about caste of this maulana now . She should dance up and down as she did on caste of mis\xe2\x80\xa6""",b'RT Our Yuva Shakti is the driving force of India\xe2\x80\x99s development journey https://t.co/WhahQUnVXt',b'RT Incredible India. https://t.co/wNFfQWuUAG',b'how would have you felt if you were dropped from the team after your double ton? How on earth is it fair f https://t.co/gkQj29gahB',b'RT _ Man of Masses sir is always on Top \xf0\x9f\x91\x91 Currently The Best Actor in India \xf0\x9f\x94\xa5\xf0\x9f\x94\xa5 https://t.co/6LGy3AaTpD',"b""RT #Adipurush Review: BLOCBUSTER \xf0\x9f\x92\xa5\xf0\x9f\x92\xa5\xf0\x9f\x92\xa5 It's A Timeless Master Piece \xf0\x9f\xa5\xb5\xf0\x9f\x94\xa5 I Would Recommend you to watch it on Big Screen \xf0\x9f\x94\xa5\xe2\x80\xa6""",b'iQOO 11 5G India first sale is live now. #iQOO #iQOO11 #iQOO115G #iQOO115GOnAmazonSpecials https://t.co/gC7H4TVECv',b'RT Hockey has been India\xe2\x80\x99s pride &amp it\xe2\x80\x99s heartbreaking that WC hosted by our own country is not getting mainstream coverage.\xe2\x80\xa6',"b""RT The inauguration of MV Ganga Vilas cruise will take the India's tourism to global heights PM \xe2\x80\xa6""",b'Like the flowers bloom level gloom with our vibrant colour chikankari tepchi sarees and rejoice the amazing Februa https://t.co/6Wwixi9pKH',b'RT India will open its Hockey World Cup campaign tomorrow vs Spain at the state of the art Birsa Munda Stadium Stadium in\xe2\x80\xa6',b'RT Sri Lanka have won the toss and elect to bat first in the 2nd ODI at Kolkata. A look at our Playing XI for the game. Live htt\xe2\x80\xa6',b'RT A special time in our history and a special generation of youngsters\xe2\x80\xa6no wonder the future belongs to India https://t.co/\xe2\x80\xa6',b'RT _ECR_HQ On 12.01.2023 #RPF_Khagaria rescued 03 minor children at Khagaria railway station under #operation_NanheFariste and handed\xe2\x80\xa6',b'Going to be a lovely game of chess Labuschagne makes changes in his game to combat Ashwin https://t.co/6zUHbCVj6u',"b""RT India aims to be the world's first 100 green railway with net zero emission by 2030. Environment friendly Railway Electr\xe2\x80\xa6""",b'RT Students of G.D Modi College of Arts Palanpur visited FSD Palanpur under DO Ahmedabad.Officers explained the role of FC\xe2\x80\xa6',b'RT Awarding the Ace Archer-To encourage outstanding sportsperson in khaki DGP UP Sri Devendra Singh Chauhan felicitated Const.\xe2\x80\xa6',b'RT This is a Gharial a crocodile-like reptile found mostly in India Its thin fragile jaws make it physically incapable of de\xe2\x80\xa6',b'RT FIFTY! A gritty half-century by as he brings up his 12th ODI half-century \xf0\x9f\x91\x8f Live https://t.co/jm3ulz5Yr1 #INDvSL \xe2\x80\xa6',b'RT My Hockey my pride Let\xe2\x80\x99s go India \xf0\x9f\x87\xae\xf0\x9f\x87\xb3\xf0\x9f\x87\xae #HockeyWorldCup2023',"b'RT Well even countries like Egypt or the Arabian countries,they believe that Bollywood means I really don\xe2\x80\x99t think a\xe2\x80\xa6'",b'Shankar Mishra the Air India passenger accused of urinating on a woman told a Delhi court that while his act may https://t.co/ss9yuKdRBt',"b""'s account has been withheld in India in response to a legal demand Learn more.""","b""RT This is the story of Sushanta Giri one of India Today's Happiness Heroes To know more watch this short video and to read\xe2\x80\xa6""",b'RT _ECR_HQ On 12.01.2023 #RPF_Koderma under #operation_Satark arrested one person involved in smuggling of liquor and recovered 10 bo\xe2\x80\xa6',"b""RT Take a look at some of the India's listed hospitals and their bed capacity as of 2022 It will be interesting to see w\xe2\x80\xa6"""
b'RT Today unemployment is the lowest it\xe2\x80\x99s been in half a century.',b'I my wife and three kids live on $50k ish Yeah things are more expensive The world ec https://t.co/pSStLYAZEg',b'all chested there s hearts that explains the radiation of fate suika i can have passed were graffiti the late 19th century.. #suikasays',b'RT Today unemployment is the lowest it\xe2\x80\x99s been in half a century.',"b'RT Jeff Beck drops dead suddenly of ""Bacterial Meningitis"" GIVE ME A BREAK These people are routinely getting diseases th\xe2\x80\xa6'",b'RT _ There were zero talks on removing Babar Azam from captaincy until Sarfaraz Ahmed scored a century This is enough to prove t\xe2\x80\xa6',b'RT In the 19th century Paris was torn down and totally rebuilt according to the urban plan of just two men. It might be co\xe2\x80\xa6',b'RT Today unemployment is the lowest it\xe2\x80\x99s been in half a century.',b'Evidently northern plains have seen lows of 4 or 5\xc2\xb0c in the past century no surprises if history seems to be re https://t.co/CQqAGd5qLX',b'RT Today unemployment is the lowest it\xe2\x80\x99s been in half a century.',b'RT Idiot of the century #BoycottPathaan https://t.co/53kiu8OM7u',b'RT When one country masters sea power air power nuclear power or space power other nations must follow to remain\xe2\x80\xa6',"b'RT Jeff Beck drops dead suddenly of ""Bacterial Meningitis"" GIVE ME A BREAK These people are routinely getting diseases th\xe2\x80\xa6'",b'Good question I would counter with the question how do they propose to pay for things we need pai https://t.co/Z6EXhmPHNS',"b'RT A beautiful 17th century cottage designed by Christopher Wren. ""Prince Harry was \'embarrassed to show Meghan Markle his Lo\xe2\x80\xa6'","b'RT A face-off of the century submission from Jasurbek Butaev! December\'s ""Dance Battle is ON Who has the best moves le\xe2\x80\xa6'",b'RT _defender Today inflation is higher than it\xe2\x80\x99s been in half a century.',b'Right It\xe2\x80\x99s hard to accept #OromoAparthide system in 21st century.',b'Something leftsts had already came to the concesus more than half a century ago that its som https://t.co/MAQzUIjkOp',b'RT You\xe2\x80\x99re a literal bum You already lost at life we can see you struggle on the DAILY From the struggle \xe2\x80\x9cpony\xe2\x80\xa6',b'WELL SIR HOPE YOU HEARD OF EAST INDIA COMPANY (HERE INDIA MEANS NOT JUST THE COUNTRY BUT H https://t.co/4HvTX7g4uD',b'RT Today corruption in the White House is the highest it\xe2\x80\x99s ever been in half a century There fixed it for you traitor',b'We agree no one is bigger than the game..but please like for God sake is sifarash bigger than the game https://t.co/WMbtFYGIjA',b'RT a dog switzerland 15th century https://t.co/zJ02bthPx5',b'RT We are already at the bottom &amp this fool is bragging on how he has continued the trend of keeping us there Now te\xe2\x80\xa6',b'RT Birth of Buddha 11th century Madhya Pradesh or Bihar Black stone Sculpture-Moorti seems those lotus(petals app\xe2\x80\xa6',"b""RT _revisited Cruel to describe Donald Trump is an understatement Be honest he's one psychologically damaged sick bastard with sad\xe2\x80\xa6""",b'RT In the 19th century Paris was torn down and totally rebuilt according to the urban plan of just two men. It might be co\xe2\x80\xa6',b'RT Birth of Buddha Basalt sculpture of 10th Century CE Pala Period Nalanda Indian Museum Kolkata sh\xe2\x80\xa6',b'_sahil Meanwhile dhobi who never scored century on tough track outside india\xf0\x9f\x98\x82',b'RT In the 19th century Paris was torn down and totally rebuilt according to the urban plan of just two men. It might be co\xe2\x80\xa6',b'RT In the 19th century Paris was torn down and totally rebuilt according to the urban plan of just two men. It might be co\xe2\x80\xa6',b'RT In the 19th century Paris was torn down and totally rebuilt according to the urban plan of just two men. It might be co\xe2\x80\xa6',"b""RT _kamen___ _vohra Rare failure can't score a century every match""",b'RT I pr\xc3\xa9sent to you shade of the century!! https://t.co/X2hu9JdR46',b'RT Today unemployment is the lowest it\xe2\x80\x99s been in half a century.',b'RT Tulu Script usage #4 Tulu script used in the nameplate of Shri Ananthapadmanabha Temple Ananthapura In this temple we c\xe2\x80\xa6',b'RT Tobacco is projected to kill 1 billion people in the next century.',b'Sir I don\xe2\x80\x99t know where you live or what they taught you about early 20th cent https://t.co/eqpvxOGNW1',b'RT Today unemployment is the lowest it\xe2\x80\x99s been in half a century.',b'RT A Mayan statue discovered deep within the jungles of Honduras in the late 19th century Photo Alfred Percival Maudslay http\xe2\x80\xa6',b'RT This animation shows every recorded earthquake in sequence as they occurred from January 1 1901 through December 31 2\xe2\x80\xa6',b'RT A Mayan statue discovered deep within the jungles of Honduras in the late 19th century Photo Alfred Percival Maudslay http\xe2\x80\xa6',b'RT Eminem ONCE AGAIN back to the top 10 best selling acts of all time with over 200M CSPC units moved. he remaining as the\xe2\x80\xa6',"b""RT I've said this before but the most pathetic thing about current RW culture wars is that they are defending a lifestyle - gian\xe2\x80\xa6""",b'RT gag of the century',b'RT Who\xe2\x80\x99s going to prison NOBODY History repeats itself for a reason. \xe2\x80\x9cDespite a half-century of laws designed to combat redlini\xe2\x80\xa6',b'RT A Mayan statue discovered deep within the jungles of Honduras in the late 19th century Photo Alfred Percival Maudslay http\xe2\x80\xa6',b'RT 90 of my days I just eat food because it\xe2\x80\x99s essential for survival but the happiness appetite and love for food in me\xe2\x80\xa6',b'RT Today unemployment is the lowest it\xe2\x80\x99s been in half a century.',b'RT Public drinking fountains became a feature in the second half of the 19th century as water quality deteriorated in the\xe2\x80\xa6',"b""_feed It's a once-in-a-century project Cherish it""",b'_191 I\xe2\x80\x99ve got every right to call you a liar if you try to paint my sta https://t.co/RpvK0Vmxzt',b'RT Eastern entrance Hoysaleshwara temple at Halebidu in Hassan district Karnataka The temple is ascribed to the 12th Centu\xe2\x80\xa6',"b'RT A face-off of the century submission from Jasurbek Butaev! December\'s ""Dance Battle is ON Who has the best moves le\xe2\x80\xa6'",b'Sohaib akhter fastest bowl and ABD fastest century',b'RT The main streets of the old Bucharest (16th-early 19th century were paved with wood Archaeologists just uncovered a p\xe2\x80\xa6',b'RT For nearly half a century the murder case of a young Stanford alumna remained unsolved But DNA evidence and technological ad\xe2\x80\xa6',b'So address the fact that our education system only teaches kids what to think instead of how to thi https://t.co/V6odt0l6Z5',b'RT 21st-century period pieces: The Social Network Vox Lux The Big Short Lady Bird Hustlers Uncut Gems Red Rocket',b'RT In the 19th century Paris was torn down and totally rebuilt according to the urban plan of just two men. It might be co\xe2\x80\xa6',b'RT 2 No historian has shown evidence of trans leadership or organizing at Stonewall We\xe2\x80\xa6',b'RT A charming #Roman beaker decorated with a face dating 1st century AD. Vessels like this were popular in Campania and ma\xe2\x80\xa6',b'RT I\xe2\x80\x99ve hinted at \xe2\x80\x98maybe killing off the MC in my current wip Well he got wind of it and now he\xe2\x80\x99s disappeared into the pages\xe2\x80\xa6',"b'RT ""Professor Laurence Tribe has been the nation\'s preeminent constitutional scholar for the past\xe2\x80\xa6'","b'RT ""When I was 16 years old The Spiders who became the original Alice Cooper band opened for the Yardbirds That night I\xe2\x80\xa6'",b'\xf0\x9f\x87\xae #expressway No doubt expressways r one of d best things happend this century but it is high time we invest in e https://t.co/HCGt5h4dKD',b'RT Taliban official \xe2\x80\x9cthere are differences between a perfect mind (men and a flawed mind (women) So all international la\xe2\x80\xa6',b'RT In the 19th century Paris was torn down and totally rebuilt according to the urban plan of just two men. It might be co\xe2\x80\xa6',"b""RT PM's 'billionaire friend cannot compete w/China India's small industries can do it by giving employment to crores of you\xe2\x80\xa6""",b'update 20th century girl is the best thing ever',b'RT _Bapji The Biggest Conspiracy of century has been planned against Innocent Hindu Sant Shri Asharamji Bapu. By Misusing POCSO l\xe2\x80\xa6',b'RT In 18th century the Muslim scientists of Ottomon discovered that toothaches are caused by Jinns https://t\xe2\x80\xa6',"b'RT Jeff Beck drops dead suddenly of ""Bacterial Meningitis"" GIVE ME A BREAK These people are routinely getting diseases th\xe2\x80\xa6'",b'RT _ Excited that The Tricontinental Revolution is now open-access (&amp soon paperback). Download full PDF to explore the milita\xe2\x80\xa6',b'Buzzer beater of the century',b'RT In the early 17th century Britain when no female students were admitted into medical schools Margaret Ann Bulkley made hi\xe2\x80\xa6',b'Happy 1/4 Century Hope you have a great year!',b'One of the quickest ways to avert the kind of disaster highlights is to drag mobile connectivity kickin https://t.co/QSD6EXbZ2J',"b""They're simply incomparable,even during those days even Ponting had an average of 39 https://t.co/ro4qTDGqkr""",b'Stan misses the truth that the Ching were not Chinese Yes the one empircal power obfuscated in CCP narr https://t.co/jWMBhTz3HV',b'a big project for a great future this is going to be a great project of the century. https://t.co/6GFh205NlO',b'RT Tobacco is projected to kill 1 billion people in the next century.',b'RT Today unemployment is the lowest it\xe2\x80\x99s been in half a century.',"b""RT _beihua Hua Cheng doesn't take a year to return Wrapped in chaos and resentment like a newly dead ghost baby time is out of his\xe2\x80\xa6""","b""RT I've said this before but the most pathetic thing about current RW culture wars is that they are defending a lifestyle - gian\xe2\x80\xa6""","b'""The Glory Is Good"" A talkative chef and an introverted cyber-security engineer investigate crimes involving super https://t.co/U5GYH59FCZ'",b'RT The nhs needs reforming ASAP it gets more money than ever before it\xe2\x80\x99s not fit for the 21st century Doesn\xe2\x80\xa6',b'_Lens Japan has bluntly appropriated western culture for over a century Like Gwen out of arrogance',b'RT In the 19th century Paris was torn down and totally rebuilt according to the urban plan of just two men. It might be co\xe2\x80\xa6'
b'Metro pillar collapse incident causes panic among Bengalureans #Bengaluru #MetroPillars #NammaMetropillarcollapse https://t.co/Z04WrrIqSC'
"b'RT _ Blue ""Sleek Boy"" Price N17,000 Size 39 47 Delivery Worldwide Available for Pickup Abuja Willian Hausa Chimaroke\xe2\x80\xa6'",b'RT _sam22 This is the amazing story of baby Ward born premature at 25 weeks Share his story Follow me for more videos _sam\xe2\x80\xa6',b'QUOTE FROM TATE\xe2\x80\x99S DAD #AndrewTate https://t.co/2buGCOGPw4',b'DON\xe2\x80\x99T WASTE ENERGY ON WOMEN #andrewtate #wastingenergy #datingwomen https://t.co/jfgEMCVEqc',b'RT _Machine Andrew Tate and The CIA \xf0\x9f\x98\xb3 THE NEWS WILL NEVER SHOW THIS #freetopg #alexjones #andrewtate https://t.co/gfIqfqkaME',"b""RT _join Andrew Tate Converts A Feminist. Join Tate's University And Learn How To Retire Your Parents https://t.co/DjBapi2Ts1 Dm me\xe2\x80\xa6""",b'Stay STRONG Brother #AndrewTate #TristanTate',b'_airdrops Good Project #AndrewTate #JohnnyDepp #KOZAL',b'They are canceling a lot of people now on a global scale for free speech. Is this the world we want to live in? https://t.co/nal21HXhrq',b'If insecurity was human Oga switched to spongebob character \xf0\x9f\xa4\xa3\xf0\x9f\xa4\xa3\xf0\x9f\xa4\xa3 #Unbothered #davido #AndrewTate Balablu AriseTV https://t.co/IcT4BRBJvN',"b'RT _ Blue ""Sleek Boy"" Price N17,000 Size 39 47 Delivery Worldwide Available for Pickup Abuja Willian Hausa Chimaroke\xe2\x80\xa6'",b'RT Will you fight the matrix or defend it? #Web3 #blockchain #SecretInvasion #secretsouls #AndrewTate https://t.co/3vswwAE\xe2\x80\xa6',b'RT He\xe2\x80\x99s freed the minds of millions You can\xe2\x80\x99t stop Andrew Tate #FreeTopG #AndrewTate https://t.co/oqMRAIDnMB',"b""RT The same regime that demonizes and humiliates young men as 'incels acts all shocked when they turn to someone like #Andr\xe2\x80\xa6""","b'Blue ""Sleek Boy"" Price N17,000 Size 39 47 Delivery Worldwide Available for Pickup Abuja Willian Hausa Chi https://t.co/2eoPZkySmI'",b'My one an only observation about #AndrewTate he unironically got more people to hate wage-labor than communists ha https://t.co/lnZmuf20n8',"b'RT _Kavanagh Everyone else has opinion on #AndrewTate so why not me haha He openly admits to colluding with ""hot women to scam lone\xe2\x80\xa6'","b""RT The same regime that demonizes and humiliates young men as 'incels acts all shocked when they turn to someone like #Andr\xe2\x80\xa6""","b'RT Vice is corrupt beyond belief in their ""documentary (propaganda they show a 3 sec context free clip of #AndrewTate w\xe2\x80\xa6'","b'Vice is corrupt beyond belief in their ""documentary (propaganda they show a 3 sec context free clip of https://t.co/g6dc3w3DS9'"
b'RT harry didnt have a chance https://t.co/gZI9cbEJ4O',b'RT \xf0\x9f\x93\x8a Mexico iTunes Top Songs \xf0\x9f\x87\xb2\xf0\x9f\x87\xbd #2 _Tomlinson Written All Over Your Face (+3) LouisMxOficial https://t.co/KpUdm\xe2\x80\xa6',b'RT lana del rey and taylor swift https://t.co/6IY8YLpoI9',b'RT \xf0\x9f\x93\xb8 looking stunning tonight https://t.co/A5MDvDcmmA',b'RT My cat is the cutest https://t.co/g12eImtvJH',"b""RT \xf0\x9f\x93\xb7 's first public appearance this year https://t.co/2L8Obs4mDi""",b'RT final breakdown for tonight I PROMISE https://t.co/TAQoUcKpAM',b'RT harry is apparently at the 1975\xe2\x80\x99s concert get behind me baby i won\xe2\x80\x99t let matty healy suck your thumb and have everyone wa\xe2\x80\xa6',b'RT \xf0\x9f\x93\x8a Mexico iTunes Top Songs \xf0\x9f\x87\xb2\xf0\x9f\x87\xbd #91 NEW _Tomlinson Written All Over Your Face (Only country to have a song [No Si\xe2\x80\xa6',b'fine line',b'RT he does https://t.co/IR8IzjfV61',b'RT ___ If I had to see it so do y\xe2\x80\x99all \xf0\x9f\x98\xad\xf0\x9f\x98\xad https://t.co/rRw3mgk1x9',b'RT It\xe2\x80\x99s an honour to be nominated for British Song Of The Year I very much look forward to seeing _Styles accept the\xe2\x80\xa6',b'_vamp Sexy Donouts\xf0\x9f\x94\xa5\xf0\x9f\x98\xa9',"b""These mofos really think we\xe2\x80\x99re all stupid Time to make some donouts yall Garland if you're listening' Lindsey G https://t.co/vHYd1mXgSE""","b""RT 1RT 1 VOTE Goal 200 RT I'm voting #JoshuaHalling for #FaveTourPhotographer at the #iHeartAwards https://t.co/YtJ19dZo\xe2\x80\xa6""",b'happy bday zayn! happy 30th hope you have an amazing day! https://t.co/vtcuSY9n5K https://t.co/HBNj7u6Pzj',b'RT \xf0\x9f\x95\xaf\xef\xb8\x8f\xf0\x9f\x95\xaf\xef\xb8\x8f\xf0\x9f\x95\xaf LOUIS TOMLINSON WILL GET A BRIT NOMINATION FOR FAITH IN THE FUTURE \xf0\x9f\x95\xaf\xef\xb8\x8f\xf0\x9f\x95\xaf\xef\xb8\x8f\xf0\x9f\x95\xaf\xef\xb8\x8f',b'RT I can write essays about this actually https://t.co/hyoYv3CSqa',b'RT whatever u wanna say babe https://t.co/XXkGupkH6A'
b'Belated happy birthday!',"b'RT _twt Circle Album Certifications (December 2022) Million (1,000,000) #ITZY CHESHIRE 3x Platinum (750,000) #LE_SSERAF\xe2\x80\xa6'",b'RT Happy Birthday Rubber Duckie https://t.co/mmPfMZ93iS',b'RT on birthday https://t.co/v7jC47Mjg8',"b'RT Happy birthday ,drop happy birthday on the comment section \xf0\x9f\x8c\xbb\xf0\x9f\x92\xa7\xf0\x9f\x92\xa7\xf0\x9f\x92\x99'",b'@_poojaLive Happy birthday \xf0\x9f\x8e\x88\xf0\x9f\x8e\x89\xf0\x9f\x8e\x89',b'RT EXO Kai Birthday Merchs Group Order FR \xf0\x9f\x87\xab EU \xf0\x9f\x87\xaa WW CG GO Artist Card Set (photocard &amp brooch (2 colors)\xe2\x80\xa6',b'Happy Birthday Michelle! \xf0\x9f\x8e\x89\xf0\x9f\x8e\x89\xf0\x9f\xa5\xb3\xf0\x9f\xa5\xb3\xf0\x9f\x8e\x82\xf0\x9f\xa5\x82\xf0\x9f\x8d\xbe I hope your wish comes true to receive an DM from https://t.co/fFAz7bGUCb',b'M Droppimg 2 Mixes On My Birthday. Lemme Start Collecting Music Now. I Need To Buy 25 Songs. Thats Roughly R1000 \xf0\x9f\x98\xad\xf0\x9f\x99\x86\xe2\x80\x8d\xe2\x99\x80\xef\xb8\x8f\xf0\x9f\x98\xad',b'RT Birthday Special #BadluSingh ji \xf0\x9f\x99\x8f The story of Indian First World War Victoria Cross recipient Badlu Singh https:\xe2\x80\xa6',b'RT _ God has given me another year to live laugh and love and that is the best thing I could receive Happy Birthday to me!',b'RT Obidients and their usual lies Imagine Claiming that Peter Obi pulled such crowd in Enugu is very funny. As a matter\xe2\x80\xa6',b'The puppy is five today He likes fusion-era Miles Davis the English Weather compilation Nilsson pub floors cur https://t.co/EVvMSL5UR5',b'RT Happy Birthday to EVERGLOW\xe2\x80\x99s Mia \xf0\x9f\x8e\x82 We wish you a wonderful day filled with happiness and lots of love from those around you\xe2\x80\xa6',b'RT Happy Birthday \xf0\x9f\x90\xa5\xf0\x9f\x8e\x89\xf0\x9f\x8e\x82 Thank you for all your hard work great music performances &amp have a great day #SB19 #SB19_Ken\xe2\x80\xa6',b'RT \xf0\x9d\x99\x8a\xf0\x9d\x99\xa3\xf0\x9d\x99\xa1\xf0\x9d\x99\x9e\xf0\x9d\x99\xa3 \xf0\x9d\x98\xbd\xf0\x9d\x99\xaa\xf0\x9d\x99\xa8\xf0\x9d\x99\xa0\xf0\x9d\x99\x9e\xf0\x9d\x99\xa3\xf0\x9d\x99\x9c Be serenaded by talented fans\xc3\xa9s as we raise funds for ROS in Manila &amp 2023 Birthday projects \xf0\x9f\xa5\xb0 Requ\xe2\x80\xa6',b'RT happy birthday shoto our anime star ! https://t.co/ScYVT9ayU8',b'RT _89 Late(as usual) but happy birthday Kyungsoo! #TopExcellenceDOday #HappyDODay #HappyKyungsooDay https://t.co/oRUIEGjpIZ',b'RT Add these acrylic Cake toppers to your cakes for any occasion \xf0\x9f\x8e\x89\xf0\x9f\x8e\x82 https://t.co/1Mg43SxNpb #earlybiz #eshopsuk #ukearlyh\xe2\x80\xa6',b'RT What is your favorite Padres HR ever Mine is definitely Hunter Renfroes walk-out grand slam vs the Dodgers I was the\xe2\x80\xa6'
b'What he is really say is how shit must you be because they think my football is shit \xf0\x9f\x98\x82',b'RT What a journey Thank you football for memories that will last a lifetime \xe2\x9d\xa4 https://t.co/vkqMtl6ifA',"b""What an amazing player you are I wish you a happy retirement mate What you've done in football is unbelievable""","b'RT ""I love football I love football"" Oya,who is a linesman?'",b'Chelsea fans weeping all over wondering how they ended up with a manager like Graham Porter These are the same fa https://t.co/KkHJWytzOP',b'RT What a journey Thank you football for memories that will last a lifetime \xe2\x9d\xa4 https://t.co/vkqMtl6ifA',"b'RT ""I love football I love football"" Oya,who is a linesman?'",b'Looks like football \xf0\x9f\x92\xaa\xf0\x9f\x8f\xbe\xf0\x9f\x92\xaf',b'RT This map shows a list of schools that have won multiple National Championships in football and baseball this century https://\xe2\x80\xa6',b'Football banter and your getting personal?Keep crying',b'RT Live piece from Craven Cottage after #ffc 2-1 #cfc Chelsea\xe2\x80\x99s comedy of errors piles more pressure on Potter while Fulham c\xe2\x80\xa6',b'My God man Did you read my tweets I am precisely talking about last 2 and half years n https://t.co/DPPSy6BvjT',b'RT Toni Kroos \xe2\x80\x9cWe [me and Cristiano won\xe2\x80\x99t speak about football We rarely do. https://t.co/MIFk31Qd63',b'RT __Tweet I need to help y\xe2\x80\x99all I\xe2\x80\x99m blessed to be Manchester United \xe2\x9d\xa4 https://t.co/bt02BWyb6x',"b'RT Our league winner takes around US$30k And six Black Stars management committee members share as much as US$600,000 for\xe2\x80\xa6'","b'RT ""I love football I love football"" Oya,who is a linesman?'",b'Leo Messi was called an international failure U20 World Cup \xf0\x9f\xa5\x87 Golden Ball Olympic Gold Medal \xf0\x9f\xa5\x87 Best player Cop https://t.co/6YHH3IZlKX',b'RT _real_comfyy TOP 5 RICHEST FOOTBALL CLUBS IN THE WORLD \xe2\x9a\xbd\xef\xb8\x8f https://t.co/EAX5tg0Ik6',"b'RT Ten Hag ""I learnt a lot about [Kees Rijvers] about organisation in football about his philosophy about playing from th\xe2\x80\xa6'","b'RT _Footbal1 I-League 2 After a 7 long year of absence from Indian Football Circuit,Dempo SC is all set make a comeback in co\xe2\x80\xa6'"
b'RT 1/No more slogging for homework as too announced Artificial Intelligence (ChatGPT will tell you what to writ\xe2\x80\xa6',b'all these things within itself the sky never relinquishes its darkness This is considered a great myste https://t.co/PFLaszqF7p',b'RT WHAT IS THIS??? https://t.co/KnN8h7TWRF',b'\xe2\x80\x9cEngineering is magic made reality',b'_FDA unroll',b'Every galaxy I have travelled all you species is other same you\xe2\x80\x99ve think you\xe2\x80\x99re center of https://t.co/d8upUmu8AM',b'RT _inu Blue check acquired thank you for helping us $BONK responsibly. Make sure to look for the verified check when you\xe2\x80\xa6',b'RT Starship launch attempt soon https://t.co/QBprVsAH7m',"b""i'm a 33 year old healthy man I am willing to trial out your Neurolink brain chip in exchange for a 3 be https://t.co/oFgfkn9E3I""",b'_mogul No we won\xe2\x80\x99t find out soon. They will clearly have a crash in the nex https://t.co/H1I3KeaIMC',b'RT _doge \xe2\x80\x9cEngineering is the closest thing to magic that exists in the world. https://t.co/vXa9jNL6PW',b'RT And so it goes',b'Welcome back.',"b'Literally everything you said was wrong: ""climate has been warming us scien https://t.co/jHbnAC8vEp'",b'Its the apple tax.',b'RT BREAKING Tesla Is US Brand with Lowest Maintenance Cost for its Cars with 10 years of Use Model S Is #1 \xe2\x81\xa6 h\xe2\x80\xa6',b'Hello Elon. Will you publish the french tweeter files on covid Please help us get rid off macron!!',"b""RT I'm back Thank you \xf0\x9f\xa5\xb0 I was banned for exposing the smoking gun of Ivermectin's suppression This has been su\xe2\x80\xa6""",b'RT Hey there you keep ignoring me I\xe2\x80\x99m not sure if my tweets are getting through Might be worth checking \xe2\x80\xa6',"b""RT I'm back Thank you \xf0\x9f\xa5\xb0 I was banned for exposing the smoking gun of Ivermectin's suppression This has been su\xe2\x80\xa6""",b'RT Starship launch attempt soon https://t.co/QBprVsAH7m',b'RT Starship launch attempt soon https://t.co/QBprVsAH7m',b'Nobody wanted this Get rid of it.',b'Emperors New Clothes for mindless fanboys Hideous ridiculous and pointless.',b'Naturally with all his penis-like qualities I thought of Mr Bezos first but the comic angle might be too obvious.'
b'idk why he was so embaressed aftewards lol i personally think he was really cute https://t.co/7FfAhBB5Gs',b'Thank you but I feel so embaressed to post both of them&gt;\\\\&lt; I drew the one from 2006 when I was 10',b'IM SO EMBARESSED I DIDNT THINK HE WOULD SEE IT',b'IM EMBARESSED',b'Yeah either way this is still a massive embaressment for Shapiro and Gina Carano (though at this po https://t.co/zBlWJ8tkB1',b'HAH IT WAS BRO NOW IM EMBARESSED HOW DO I GO BACK FROM THIS',b'no but shes sitting w the guy who told me to not be embaressed to take picsof myself in the bathroom so LMFAO',b'LMAO i have one ASMR streamer blocked due to this At first i was confused why she kept typing but https://t.co/ibrKBC42g2',b'Lyanco and Caleta-Car were immense tonight Also how is Kalvin Phillips ahead of JWP in the England setup?! He em https://t.co/wHYLuc7rkd',"b'He blushes and looks at him kissing him again ""It\'s from.. He looked away embaressed.'",b'he does nipslip at the end I think u know completely non intentional like everything else he doe https://t.co/vnAkNIdTc2',b'600 tckts 6000 tckts or 60 tckts it makes no diff Given the worst away record in Sco https://t.co/mD2sVKhwLP',b'We are getting absolutely embaressed Sunday.',b'I won 2 embaressed',"b'""Looks up pygmy vs dwarfism height really quickly feels embaressed""'","b'_pug ""So um you don\'t mind me napping with....You... -is super embaressed hiding her blush with her tail-'","b""I personally thought that Cuba was Hawaii on a map until I was like 14 and I'm not that embaressed https://t.co/AjVRG40tv3""","b""The absolute state of you these days just stop I'm catching second hand embarrassment off your news https://t.co/ryVMpamHrL""",b'dont say that - my face it literally burning red right now and im too embaressed to even relisten to it',b'I would\xe2\x80\x99ve embaressed him even more just saying that \xf0\x9f\xa4\xa3'
b'#Karnataka High Court takes suo motu cognizance of Bengaluru metro pillar collapse questions road safety measures https://t.co/zSTICIsieo',"b""RT _TNIE Kannada activists storm office of BMRCL MD at Bluru's Shanti Nagar to show their anger over death of mother and son in #me\xe2\x80\xa6""",b'RT #Bengaluru A team of professors from IIT Hyderabad inspect the site where an under-construction #MetroPillar collapsed\xe2\x80\xa6',b'#Bengaluru A team of professors from IIT Hyderabad inspect the site where an under-construction #MetroPillar coll https://t.co/kzjqlFLpNW',b'RT #Karnataka HC takes cognizance of the #metropillar collapse in #Bengaluru which led to the death of a mother &amp son calls fo\xe2\x80\xa6',b'#Bengaluru A team of professors from IIT Hyderabad inspect the site where an under-construction #metropillar coll https://t.co/S3epRdjhvr',b'RT #Bengaluru A team of professors from IIT Hyderabad inspect the site where an under-construction #metropillar collapsed\xe2\x80\xa6',b'#Karnataka HC takes cognizance of the #metropillar collapse in #Bengaluru which led to the death of a mother &amp son; https://t.co/5ttlL8U9zV',b'#Bengaluru A team of professors from IIT Hyderabad inspect the site where an under-construction #metropillar coll https://t.co/roeebYB5ph',"b""RT _TNIE Kannada activists storm office of BMRCL MD at Bluru's Shanti Nagar to show their anger over death of mother and son in #me\xe2\x80\xa6""","b""RT _TNIE Kannada activists storm office of BMRCL MD at Bluru's Shanti Nagar to show their anger over death of mother and son in #me\xe2\x80\xa6""","b""Kannada activists storm office of BMRCL MD at Bluru's Shanti Nagar to show their anger over death of mother and son https://t.co/QPQCZR0jLN""","b'RT Big rockblocks transported without any fal protection on sides nt evn tied tothe platform,driving at high speeds n d blocks w\xe2\x80\xa6'",b'RT _Saba 28 YO Tejaswini and her 2 YO son died on 10th Jan after an under construction #Metropillar in #Bengaluru came crashing o\xe2\x80\xa6',b'RT Bangalore Metro Pillar Collapse Maa aur Bete ki Maut | Ground Report #MilliDigest #Bangalore #BangaloreMetro #NammaMetro\xe2\x80\xa6',b'RT _Saba 28 YO Tejaswini and her 2 YO son died on 10th Jan after an under construction #Metropillar in #Bengaluru came crashing o\xe2\x80\xa6',b'#Bengaluru road caves in at Ashok Nagar 1 injured Incident occurs just two days after the #metropillar collapsed https://t.co/AJGdDYjeUh',b'MASSIVE SINKHOLE ON BENGALURU ROAD Just days after the shocking daylight murders in #Bengaluru #metropillar collap https://t.co/8GbwgwLd75',b'RT _Saba 28 YO Tejaswini and her 2 YO son died on 10th Jan after an under construction #Metropillar in #Bengaluru came crashing o\xe2\x80\xa6',"b""RT PROTESTS OVER BENGALURU'S KILLER INFRA 2 days after a young mother &amp her 2-year-old son were crushed to death by a #metropi\xe2\x80\xa6"""
b'Everything case against BJP is either anti national or hidden agenda Lol People vote for change starting in Kar https://t.co/hG2ztDBmz1',"b""RT BENGALURU'S 'KILLER INFRASTRUCTURE The IISC has submitted its report in the #Bengaluru #metropillar collapse case The rep\xe2\x80\xa6""",b'#MirrorMetro #Bengaluru #MetroPillar Collapse Probe The IISC has submitted its report in the metro collapse case https://t.co/kfE7xQVaz4',"b""RT BENGALURU'S 'KILLER INFRASTRUCTURE The IISC has submitted its report in the #Bengaluru #metropillar collapse case The rep\xe2\x80\xa6""","b""BENGALURU'S 'KILLER INFRASTRUCTURE The IISC has submitted its report in the #Bengaluru #metropillar collapse case https://t.co/oxA1BL609S""",b'RT Bangalore Metro Pillar Collapse Maa aur Bete ki Maut | Ground Report #MilliDigest #Bangalore #BangaloreMetro #NammaMetro\xe2\x80\xa6',b'THE BANE OF BENGALURU NO LESSONS LEARNT A week since daylight murders of mother and her child no lessons learnt https://t.co/YLACowNZjv',"b""RT BENGALURU TRAGEDY PROBE DETAILS OUT One week since the #metropillar collapse case Times Network's accesses in\xe2\x80\xa6""","b""RT BENGALURU TRAGEDY PROBE DETAILS OUT One week since the #metropillar collapse case Times Network's accesses in\xe2\x80\xa6""","b""BENGALURU TRAGEDY PROBE DETAILS OUT One week since the #metropillar collapse case Times Network's ac https://t.co/GRgdkFkeTk""",b'Metro pillar collapse Bengaluru police to act after getting report from IIT https://t.co/qmT81YnKbZ #IIT #report https://t.co/eRYJiHWllv',b'BMRCL in a fix as IISC reports claim #MetroPillar was not designed properly _journo brings more information https://t.co/vwzlRxpyLn',b'RT #BreakingNews BMRCL in a fix as IISC reports claim #MetroPillar was not designed properly _journo brings more info\xe2\x80\xa6',b'#BreakingNews BMRCL in a fix as IISC reports claim #MetroPillar was not designed properly _journo brings https://t.co/hrNDiTMWuI',b'RT Government apathy and negligence kill mother and son in Bengaluru. should book errant contractor for n\xe2\x80\xa6',b'RT #Bengaluru A team of professors from IIT Hyderabad inspect the site where an under-construction #metropillar collapsed\xe2\x80\xa6',b'RT #Bengaluru A team of professors from IIT Hyderabad inspect the site where an under-construction #metropillar collapsed\xe2\x80\xa6',b'RT #Bengaluru A team of professors from IIT Hyderabad inspect the site where an under-construction #metropillar collapsed\xe2\x80\xa6',b'RT #Bengaluru A team of professors from IIT Hyderabad inspect the site where an under-construction #metropillar collapsed\xe2\x80\xa6'
